data_coleta,titulo,resumo,instituicao,nivel,area,vagas,inscricoes_inicio,inscricoes_fim,url,status,data_publicacao,fonte,banca,salario_max
2026-06-06T17:25:59.809Z,&gt;&gt; Diário Oficial Eletrônico - Feira de Santana &lt;&lt;,EDITAL DE CONVOCAÇÃO N° 001/2026 – CONCURSO PÚBLICO 2012. Órgão: Gabinete do Prefeito. Ano: XII. Edição : 3539. Data da Edição: 29/05/2026.,Pref Feira de Santana,Superior,Professor,10,2026-05-13T00:00:00.000Z,2026-05-29T00:00:00.000Z,https://diariooficial.feiradesantana.ba.gov.br/detalhes.asp?publicacao=1&tipo=3&idsec=1&edicao=,Encerrado,2026-06-02T17:18:30.693Z,Diário Oficial de Pref Feira de Santana,A definir,3500
2026-06-06T17:25:59.809Z,Concursos Bahia: confira as vagas e editais para 2026!,"... Bahia, realizará um concurso para a área da educação em 2026! Vagas/ Cargos e salário inicial. Cargo: Professor educação básica; Formação ...",Gov Bahia (SEC),Médio,Professor,246,2026-06-04T17:18:30.693Z,2026-06-21T17:18:30.693Z,https://www.estrategiaconcursos.com.br/blog/concursos-ba/,Aberto,2026-06-02T17:18:30.693Z,Diário Oficial de Gov Bahia (SEC),FGV,37589.95
2026-06-06T17:25:59.809Z,&gt; &gt; &gt; Concursos e Consultoria &lt; &lt; &lt;,. PROCESSO SELETIVO SIMPLIFICADO - EDITAL 001/2026 - PREFEITURA MUNICIPAL DE MANSIDÃO / BA ... São vagas para os cargos de Professor. Informações sobre o Concurso ...,Gov Bahia (SEC),Médio,Professor,10,2026-03-09T00:00:00.000Z,2026-06-22T00:00:00.000Z,https://www.planejarconcursos.com.br/,Aberto,2026-06-02T17:18:30.693Z,Diário Oficial de Gov Bahia (SEC),Planejar Consultoria,3500
2026-06-06T17:25:59.809Z,Seleções e Concursos | SEC - Secretaria de Educação,EDITAL SEC/SUDEPE N° 002/2026 - Processo Seletivo Simplificado Função de Professor Orientador de Estágio em Saúde – REDA. CONVOCAÇÃO PROVA OBJETIVA EDITAL ...,Gov Bahia (SEC),Médio,Professor,10,2026-06-04T17:18:30.693Z,2026-06-21T17:18:30.693Z,http://www.ba.gov.br/educacao/selecoes-e-concursos,Aberto,2026-06-02T17:18:30.693Z,Diário Oficial de Gov Bahia (SEC),A definir,3500
2026-06-06T17:48:08.032Z,Concursos e Seleções | Prefeitura de Alagoinhas,PSS 001/2026 – SEDUC – Decreto Nº 6608/2026 – Homologação do ... Concurso Público – 002/2019 – Gabaritos Preliminares da Primeira Etapa do Concurso Público ...,Gov Bahia (SEC),Médio,Professor,10,2026-01-20T00:00:00.000Z,2026-06-02T00:00:00.000Z,https://www.alagoinhas.ba.gov.br/index.php/concursos-e-selecoes/,Encerrado,2026-06-02T17:39:18.213Z,Diário Oficial de Gov Bahia (SEC),A definir,3500
2026-06-06T17:48:08.032Z,&gt;&gt; Diário Oficial Eletrônico - Feira de Santana &lt;&lt;,EDITAL DE CONVOCAÇÃO N° 001/2026 – CONCURSO PÚBLICO 2012. Órgão: Gabinete do Prefeito. Ano: XII. Edição : 3539. Data da Edição: 29/05/2026.,Pref Feira de Santana,Superior,Professor,10,2026-05-13T00:00:00.000Z,2026-05-29T00:00:00.000Z,https://diariooficial.feiradesantana.ba.gov.br/detalhes.asp?publicacao=1&tipo=3&idsec=1&edicao=,Encerrado,2026-06-02T17:39:18.213Z,Diário Oficial de Pref Feira de Santana,A definir,3500
2026-06-06T17:48:08.032Z,&gt; &gt; &gt; Concursos e Consultoria &lt; &lt; &lt;,. PROCESSO SELETIVO SIMPLIFICADO - EDITAL 001/2026 - PREFEITURA MUNICIPAL DE MANSIDÃO / BA ... São vagas para os cargos de Professor. Informações sobre o Concurso ...,Gov Bahia (SEC),Médio,Professor,10,2026-03-09T00:00:00.000Z,2026-06-22T00:00:00.000Z,https://www.planejarconcursos.com.br/,Aberto,2026-06-02T17:39:18.213Z,Diário Oficial de Gov Bahia (SEC),Planejar Consultoria,3500
2026-06-06T17:48:08.032Z,Seleções e Concursos | SEC - Secretaria de Educação,EDITAL SEC/SUDEPE N° 002/2026 - Processo Seletivo Simplificado Função de Professor Orientador de Estágio em Saúde – REDA. CONVOCAÇÃO PROVA OBJETIVA EDITAL ...,Gov Bahia (SEC),Médio,Professor,10,2026-06-04T17:39:18.213Z,2026-06-21T17:39:18.213Z,http://www.ba.gov.br/educacao/selecoes-e-concursos,Aberto,2026-06-02T17:39:18.213Z,Diário Oficial de Gov Bahia (SEC),A definir,3500
2026-06-06T19:57:24.104Z,Concursos e Seleções | Prefeitura de Alagoinhas,PSS 001/2026 – SEDUC – Decreto Nº 6608/2026 – Homologação do ... Concurso Público – 002/2019 – Gabaritos Preliminares da Primeira Etapa do Concurso Público ...,Gov Bahia (SEC),Médio,Professor,10,2026-01-20T00:00:00.000Z,2026-06-02T00:00:00.000Z,https://www.alagoinhas.ba.gov.br/index.php/concursos-e-selecoes/,Encerrado,2026-06-02T19:51:40.236Z,Diário Oficial de Gov Bahia (SEC),A definir,3500
2026-06-06T19:57:24.104Z,&gt;&gt; Diário Oficial Eletrônico - Feira de Santana &lt;&lt;,EDITAL DE CONVOCAÇÃO Nº 04/2026 - CONCURSO PÚBLICO Nº 01/2024 ; Órgão: Gabinete do Prefeito ; Ano: XII ; Edição : 3537 ; Data da Edição: 27/05/2026.,Pref Feira de Santana,Superior,Professor,10,2026-05-13T00:00:00.000Z,2026-05-29T00:00:00.000Z,https://diariooficial.feiradesantana.ba.gov.br/detalhes.asp?publicacao=1&tipo=3&idsec=1&edicao=,Encerrado,2026-06-02T19:51:40.236Z,Diário Oficial de Pref Feira de Santana,A definir,3500
2026-06-06T19:57:24.104Z,Concursos Bahia: confira as vagas e editais para 2026!,"... Bahia, realizará um concurso para a área da educação em 2026! Vagas/ Cargos e salário inicial. Cargo: Professor educação básica; Formação ...",Gov Bahia (SEC),Médio,Professor,246,2026-06-04T19:51:40.236Z,2026-06-21T19:51:40.236Z,https://www.estrategiaconcursos.com.br/blog/concursos-ba/,Aberto,2026-06-02T19:51:40.236Z,Diário Oficial de Gov Bahia (SEC),FGV,37589.95
2026-06-06T19:57:24.104Z,Seleções e Concursos | SEC - Secretaria de Educação,EDITAL SEC/SUDEPE N° 002/2026 - Processo Seletivo Simplificado Função de Professor Orientador de Estágio em Saúde – REDA. CONVOCAÇÃO PROVA OBJETIVA EDITAL ...,Gov Bahia (SEC),Médio,Professor,10,2026-06-04T19:51:40.236Z,2026-06-21T19:51:40.236Z,http://www.ba.gov.br/educacao/selecoes-e-concursos,Aberto,2026-06-02T19:51:40.236Z,Diário Oficial de Gov Bahia (SEC),A definir,3500
2026-06-06T19:57:24.104Z,INSTITUTO PROATIVA DE GESTAO EDUCACIONAL - IPGE,"Professor(a) Pedagogo(a) (Educação Infantil), Superior, Piso Nacional Vigente, 20h, 12, R$ 100,00. 11, Professor(a) Pedagogo(a) (Ensino Fundamental I – Anos ...",Gov Bahia (SEC),Superior,Professor,2026,2026-01-23T00:00:00.000Z,2026-05-15T00:00:00.000Z,https://ipge.selecao.net.br/informacoes/14/,Encerrado,2026-06-02T19:51:40.236Z,Diário Oficial de Gov Bahia (SEC),A definir,4780
2026-06-06T19:57:24.104Z,&gt; &gt; &gt; Concursos e Consultoria &lt; &lt; &lt;,. PROCESSO SELETIVO SIMPLIFICADO - EDITAL 001/2026 - PREFEITURA MUNICIPAL DE MANSIDÃO / BA ... São vagas para os cargos de Professor. Informações sobre o Concurso ...,Gov Bahia (SEC),Médio,Professor,10,2026-03-09T00:00:00.000Z,2026-06-22T00:00:00.000Z,https://www.planejarconcursos.com.br/,Aberto,2026-06-02T19:51:40.236Z,Diário Oficial de Gov Bahia (SEC),Planejar Consultoria,3500
2026-06-06T21:40:45.421Z,Concursos e Seleções | Prefeitura de Alagoinhas,PSS 001/2026 – SEDUC – Decreto Nº 6608/2026 – Homologação do ... Concurso Público – 002/2019 – Gabaritos Preliminares da Primeira Etapa do Concurso Público ...,Gov Bahia (SEC),Médio,Professor,10,2026-01-20T00:00:00.000Z,2026-06-02T00:00:00.000Z,https://www.alagoinhas.ba.gov.br/index.php/concursos-e-selecoes/,Encerrado,2026-06-02T21:34:41.527Z,Diário Oficial de Gov Bahia (SEC),A definir,3500
2026-06-06T21:40:45.421Z,&gt;&gt; Diário Oficial Eletrônico - Feira de Santana &lt;&lt;,EDITAL DE CONVOCAÇÃO Nº 04/2026 - CONCURSO PÚBLICO Nº 01/2024 ; Órgão: Gabinete do Prefeito ; Ano: XII ; Edição : 3537 ; Data da Edição: 27/05/2026.,Pref Feira de Santana,Superior,Professor,10,2026-05-13T00:00:00.000Z,2026-05-29T00:00:00.000Z,https://diariooficial.feiradesantana.ba.gov.br/detalhes.asp?publicacao=1&tipo=3&idsec=1&edicao=,Encerrado,2026-06-02T21:34:41.527Z,Diário Oficial de Pref Feira de Santana,A definir,3500
2026-06-06T21:40:45.421Z,&gt; &gt; &gt; Concursos e Consultoria &lt; &lt; &lt;,. PROCESSO SELETIVO SIMPLIFICADO - EDITAL 001/2026 - PREFEITURA MUNICIPAL DE MANSIDÃO / BA ... São vagas para os cargos de Professor. Informações sobre o Concurso ...,Gov Bahia (SEC),Médio,Professor,10,2026-03-09T00:00:00.000Z,2026-06-22T00:00:00.000Z,https://www.planejarconcursos.com.br/,Aberto,2026-06-02T21:34:41.527Z,Diário Oficial de Gov Bahia (SEC),Planejar Consultoria,3500
2026-06-06T21:40:45.421Z,Seleções e Concursos | SEC - Secretaria de Educação,EDITAL SEC/SUDEPE N° 002/2026 - Processo Seletivo Simplificado Função de Professor Orientador de Estágio em Saúde – REDA. CONVOCAÇÃO PROVA OBJETIVA EDITAL ...,Gov Bahia (SEC),Médio,Professor,10,2026-06-04T21:34:41.527Z,2026-06-21T21:34:41.527Z,http://www.ba.gov.br/educacao/selecoes-e-concursos,Aberto,2026-06-02T21:34:41.527Z,Diário Oficial de Gov Bahia (SEC),A definir,3500
2026-06-06T23:39:37.298Z,Seleções e Concursos | SEC - Secretaria de Educação,"EDITAL DE CONCURSO PÚBLICO Nº 11/2026 - SELEÇÃO DE PROJETOS DE INICIAÇÃO CIENTÍFICA, TECNOLÓGICA E DE INOVAÇÃO ELABORADOS POR ESTUDANTES DA REDE PÚBLICA ...",Gov Bahia (SEC),Médio,Professor,10,2026-06-04T23:33:25.895Z,2026-06-21T23:33:25.895Z,http://www.ba.gov.br/educacao/selecoes-e-concursos,Aberto,2026-06-02T23:33:25.895Z,Diário Oficial de Gov Bahia (SEC),A definir,3500
2026-06-06T23:39:37.298Z,Concursos Bahia: confira as vagas e editais para 2026!,"... Bahia, realizará um concurso para a área da educação em 2026! Vagas/ Cargos e salário inicial. Cargo: Professor educação básica; Formação ...",Gov Bahia (SEC),Médio,Professor,246,2026-06-04T23:33:25.895Z,2026-06-21T23:33:25.895Z,https://www.estrategiaconcursos.com.br/blog/concursos-ba/,Aberto,2026-06-02T23:33:25.895Z,Diário Oficial de Gov Bahia (SEC),FGV,37589.95
2026-06-06T23:39:37.298Z,INSTITUTO PROATIVA DE GESTAO EDUCACIONAL - IPGE,"Professor(a) Pedagogo(a) (Educação Infantil), Superior, Piso Nacional Vigente, 20h, 12, R$ 100,00. 11, Professor(a) Pedagogo(a) (Ensino Fundamental I – Anos ...",Gov Bahia (SEC),Superior,Professor,2026,2026-01-23T00:00:00.000Z,2026-05-15T00:00:00.000Z,https://ipge.selecao.net.br/informacoes/14/,Encerrado,2026-06-02T23:33:25.895Z,Diário Oficial de Gov Bahia (SEC),A definir,4780
2026-06-06T23:39:37.298Z,&gt; &gt; &gt; Concursos e Consultoria &lt; &lt; &lt;,. PROCESSO SELETIVO SIMPLIFICADO - EDITAL 001/2026 - PREFEITURA MUNICIPAL DE MANSIDÃO / BA ... São vagas para os cargos de Professor. Informações sobre o Concurso ...,Gov Bahia (SEC),Médio,Professor,10,2026-03-09T00:00:00.000Z,2026-06-22T00:00:00.000Z,https://www.planejarconcursos.com.br/,Aberto,2026-06-02T23:33:25.895Z,Diário Oficial de Gov Bahia (SEC),Planejar Consultoria,3500
2026-06-07T05:02:31.923Z,Concurso SEDUC Bahia 2026 - Edital 01/2026 - Provimento de Vagas para Professor e Pedagogo,O Governo do Estado da Bahia abre concurso público para provimento de vagas no cargo de Professor Padrão P - Grau III da Educação Básica e Pedagogo. Organizado pela banca FCC.,Gov Bahia (SEC),Superior,Professor,450,2026-06-05T05:02:31.922Z,2026-06-27T05:02:31.922Z,https://www.saeb.ba.gov.br/concursos,Aberto,2026-06-02T05:02:31.922Z,Diário Oficial de Gov Bahia (SEC),FCC,4850
2026-06-07T09:43:52.322Z,Concurso SEDUC Bahia 2026 - Edital 01/2026 - Provimento de Vagas para Professor e Pedagogo,O Governo do Estado da Bahia abre concurso público para provimento de vagas no cargo de Professor Padrão P - Grau III da Educação Básica e Pedagogo. Organizado pela banca FCC.,Gov Bahia (SEC),Superior,Professor,450,2026-06-05T09:43:52.321Z,2026-06-27T09:43:52.321Z,https://www.saeb.ba.gov.br/concursos,Aberto,2026-06-02T09:43:52.321Z,Diário Oficial de Gov Bahia (SEC),FCC,4850
2026-06-07T12:06:57.459Z,Concurso SEDUC Bahia 2026 - Edital 01/2026 - Provimento de Vagas para Professor e Pedagogo,O Governo do Estado da Bahia abre concurso público para provimento de vagas no cargo de Professor Padrão P - Grau III da Educação Básica e Pedagogo. Organizado pela banca FCC.,Gov Bahia (SEC),Superior,Professor,450,2026-06-05T12:06:57.459Z,2026-06-27T12:06:57.459Z,https://www.saeb.ba.gov.br/concursos,Aberto,2026-06-02T12:06:57.459Z,Diário Oficial de Gov Bahia (SEC),FCC,4850
2026-06-07T14:25:39.439Z,Concurso SEDUC Bahia 2026 - Edital 01/2026 - Provimento de Vagas para Professor e Pedagogo,O Governo do Estado da Bahia abre concurso público para provimento de vagas no cargo de Professor Padrão P - Grau III da Educação Básica e Pedagogo. Organizado pela banca FCC.,Gov Bahia (SEC),Superior,Professor,450,2026-06-05T14:25:39.439Z,2026-06-27T14:25:39.439Z,https://www.saeb.ba.gov.br/concursos,Aberto,2026-06-02T14:25:39.439Z,Diário Oficial de Gov Bahia (SEC),FCC,4850
2026-06-07T15:49:39.634Z,Concurso SEDUC Bahia 2026 - Edital 01/2026 - Provimento de Vagas para Professor e Pedagogo,O Governo do Estado da Bahia abre concurso público para provimento de vagas no cargo de Professor Padrão P - Grau III da Educação Básica e Pedagogo. Organizado pela banca FCC.,Gov Bahia (SEC),Superior,Professor,450,2026-06-05T15:49:39.634Z,2026-06-27T15:49:39.634Z,https://www.saeb.ba.gov.br/concursos,Aberto,2026-06-02T15:49:39.634Z,Diário Oficial de Gov Bahia (SEC),FCC,4850
2026-06-07T17:45:11.098Z,Concurso SEDUC Bahia 2026 - Edital 01/2026 - Provimento de Vagas para Professor e Pedagogo,O Governo do Estado da Bahia abre concurso público para provimento de vagas no cargo de Professor Padrão P - Grau III da Educação Básica e Pedagogo. Organizado pela banca FCC.,Gov Bahia (SEC),Superior,Professor,450,2026-06-05T17:45:11.098Z,2026-06-27T17:45:11.098Z,https://www.saeb.ba.gov.br/concursos,Aberto,2026-06-02T17:45:11.098Z,Diário Oficial de Gov Bahia (SEC),FCC,4850
2026-06-07T19:53:00.969Z,Concurso SEDUC Bahia 2026 - Edital 01/2026 - Provimento de Vagas para Professor e Pedagogo,O Governo do Estado da Bahia abre concurso público para provimento de vagas no cargo de Professor Padrão P - Grau III da Educação Básica e Pedagogo. Organizado pela banca FCC.,Gov Bahia (SEC),Superior,Professor,450,2026-06-05T19:53:00.969Z,2026-06-27T19:53:00.969Z,https://www.saeb.ba.gov.br/concursos,Aberto,2026-06-02T19:53:00.969Z,Diário Oficial de Gov Bahia (SEC),FCC,4850
2026-06-07T21:42:16.834Z,Concurso SEDUC Bahia 2026 - Edital 01/2026 - Provimento de Vagas para Professor e Pedagogo,O Governo do Estado da Bahia abre concurso público para provimento de vagas no cargo de Professor Padrão P - Grau III da Educação Básica e Pedagogo. Organizado pela banca FCC.,Gov Bahia (SEC),Superior,Professor,450,2026-06-05T21:42:16.834Z,2026-06-27T21:42:16.834Z,https://www.saeb.ba.gov.br/concursos,Aberto,2026-06-02T21:42:16.834Z,Diário Oficial de Gov Bahia (SEC),FCC,4850
2026-06-07T23:34:42.821Z,Concurso SEDUC Bahia 2026 - Edital 01/2026 - Provimento de Vagas para Professor e Pedagogo,O Governo do Estado da Bahia abre concurso público para provimento de vagas no cargo de Professor Padrão P - Grau III da Educação Básica e Pedagogo. Organizado pela banca FCC.,Gov Bahia (SEC),Superior,Professor,450,2026-06-05T23:34:42.821Z,2026-06-27T23:34:42.821Z,https://www.saeb.ba.gov.br/concursos,Aberto,2026-06-02T23:34:42.821Z,Diário Oficial de Gov Bahia (SEC),FCC,4850
2026-06-08T05:09:48.299Z,Concurso SEDUC Bahia 2026 - Edital 01/2026 - Provimento de Vagas para Professor e Pedagogo,O Governo do Estado da Bahia abre concurso público para provimento de vagas no cargo de Professor Padrão P - Grau III da Educação Básica e Pedagogo. Organizado pela banca FCC.,Gov Bahia (SEC),Superior,Professor,450,2026-06-06T05:09:48.298Z,2026-06-28T05:09:48.298Z,https://www.saeb.ba.gov.br/concursos,Aberto,2026-06-03T05:09:48.298Z,Diário Oficial de Gov Bahia (SEC),FCC,4850
2026-06-08T11:23:57.016Z,Concurso SEDUC Bahia 2026 - Edital 01/2026 - Provimento de Vagas para Professor e Pedagogo,O Governo do Estado da Bahia abre concurso público para provimento de vagas no cargo de Professor Padrão P - Grau III da Educação Básica e Pedagogo. Organizado pela banca FCC.,Gov Bahia (SEC),Superior,Professor,450,2026-06-06T11:23:57.015Z,2026-06-28T11:23:57.015Z,https://www.saeb.ba.gov.br/concursos,Aberto,2026-06-03T11:23:57.015Z,Diário Oficial de Gov Bahia (SEC),FCC,4850
2026-06-08T16:33:47.004Z,Concurso SEDUC Bahia 2026 - Edital 01/2026 - Provimento de Vagas para Professor e Pedagogo,O Governo do Estado da Bahia abre concurso público para provimento de vagas no cargo de Professor Padrão P - Grau III da Educação Básica e Pedagogo. Organizado pela banca FCC.,Gov Bahia (SEC),Superior,Professor,450,2026-06-06T16:33:47.004Z,2026-06-28T16:33:47.004Z,https://www.saeb.ba.gov.br/concursos,Aberto,2026-06-03T16:33:47.004Z,Diário Oficial de Gov Bahia (SEC),FCC,4850
2026-06-08T20:37:51.624Z,Concurso SEDUC Bahia 2026 - Edital 01/2026 - Provimento de Vagas para Professor e Pedagogo,O Governo do Estado da Bahia abre concurso público para provimento de vagas no cargo de Professor Padrão P - Grau III da Educação Básica e Pedagogo. Organizado pela banca FCC.,Gov Bahia (SEC),Superior,Professor,450,2026-06-06T20:37:51.624Z,2026-06-28T20:37:51.624Z,https://www.saeb.ba.gov.br/concursos,Aberto,2026-06-03T20:37:51.624Z,Diário Oficial de Gov Bahia (SEC),FCC,4850
2026-06-08T23:43:03.534Z,Concurso SEDUC Bahia 2026 - Edital 01/2026 - Provimento de Vagas para Professor e Pedagogo,O Governo do Estado da Bahia abre concurso público para provimento de vagas no cargo de Professor Padrão P - Grau III da Educação Básica e Pedagogo. Organizado pela banca FCC.,Gov Bahia (SEC),Superior,Professor,450,2026-06-06T23:43:03.533Z,2026-06-28T23:43:03.533Z,https://www.saeb.ba.gov.br/concursos,Aberto,2026-06-03T23:43:03.533Z,Diário Oficial de Gov Bahia (SEC),FCC,4850
2026-06-09T04:43:08.498Z,Concurso SEDUC Bahia 2026 - Edital 01/2026 - Provimento de Vagas para Professor e Pedagogo,O Governo do Estado da Bahia abre concurso público para provimento de vagas no cargo de Professor Padrão P - Grau III da Educação Básica e Pedagogo. Organizado pela banca FCC.,Gov Bahia (SEC),Superior,Professor,450,2026-06-07T04:43:08.498Z,2026-06-29T04:43:08.498Z,https://www.saeb.ba.gov.br/concursos,Aberto,2026-06-04T04:43:08.498Z,Diário Oficial de Gov Bahia (SEC),FCC,4850
2026-06-09T10:07:08.557Z,Concurso SEDUC Bahia 2026 - Edital 01/2026 - Provimento de Vagas para Professor e Pedagogo,O Governo do Estado da Bahia abre concurso público para provimento de vagas no cargo de Professor Padrão P - Grau III da Educação Básica e Pedagogo. Organizado pela banca FCC.,Gov Bahia (SEC),Superior,Professor,450,2026-06-07T10:07:08.556Z,2026-06-29T10:07:08.556Z,https://www.saeb.ba.gov.br/concursos,Aberto,2026-06-04T10:07:08.556Z,Diário Oficial de Gov Bahia (SEC),FCC,4850
2026-06-09T13:21:28.632Z,Concurso SEDUC Bahia 2026 - Edital 01/2026 - Provimento de Vagas para Professor e Pedagogo,O Governo do Estado da Bahia abre concurso público para provimento de vagas no cargo de Professor Padrão P - Grau III da Educação Básica e Pedagogo. Organizado pela banca FCC.,Gov Bahia (SEC),Superior,Professor,450,2026-06-07T13:21:28.632Z,2026-06-29T13:21:28.632Z,https://www.saeb.ba.gov.br/concursos,Aberto,2026-06-04T13:21:28.632Z,Diário Oficial de Gov Bahia (SEC),FCC,4850
2026-06-09T17:07:41.930Z,Concurso SEDUC Bahia 2026 - Edital 01/2026 - Provimento de Vagas para Professor e Pedagogo,O Governo do Estado da Bahia abre concurso público para provimento de vagas no cargo de Professor Padrão P - Grau III da Educação Básica e Pedagogo. Organizado pela banca FCC.,Gov Bahia (SEC),Superior,Professor,450,2026-06-07T17:07:41.929Z,2026-06-29T17:07:41.929Z,https://www.saeb.ba.gov.br/concursos,Aberto,2026-06-04T17:07:41.929Z,Diário Oficial de Gov Bahia (SEC),FCC,4850
2026-06-09T20:24:04.175Z,Concurso SEDUC Bahia 2026 - Edital 01/2026 - Provimento de Vagas para Professor e Pedagogo,O Governo do Estado da Bahia abre concurso público para provimento de vagas no cargo de Professor Padrão P - Grau III da Educação Básica e Pedagogo. Organizado pela banca FCC.,Gov Bahia (SEC),Superior,Professor,450,2026-06-07T20:24:04.175Z,2026-06-29T20:24:04.175Z,https://www.saeb.ba.gov.br/concursos,Aberto,2026-06-04T20:24:04.175Z,Diário Oficial de Gov Bahia (SEC),FCC,4850
2026-06-09T22:02:25.854Z,Concurso SEDUC Bahia 2026 - Edital 01/2026 - Provimento de Vagas para Professor e Pedagogo,O Governo do Estado da Bahia abre concurso público para provimento de vagas no cargo de Professor Padrão P - Grau III da Educação Básica e Pedagogo. Organizado pela banca FCC.,Gov Bahia (SEC),Superior,Professor,450,2026-06-07T22:02:25.854Z,2026-06-29T22:02:25.854Z,https://www.saeb.ba.gov.br/concursos,Aberto,2026-06-04T22:02:25.854Z,Diário Oficial de Gov Bahia (SEC),FCC,4850
2026-06-09T23:48:23.403Z,Concurso SEDUC Bahia 2026 - Edital 01/2026 - Provimento de Vagas para Professor e Pedagogo,O Governo do Estado da Bahia abre concurso público para provimento de vagas no cargo de Professor Padrão P - Grau III da Educação Básica e Pedagogo. Organizado pela banca FCC.,Gov Bahia (SEC),Superior,Professor,450,2026-06-07T23:48:23.402Z,2026-06-29T23:48:23.402Z,https://www.saeb.ba.gov.br/concursos,Aberto,2026-06-04T23:48:23.402Z,Diário Oficial de Gov Bahia (SEC),FCC,4850
2026-06-10T04:54:56.742Z,Concurso SEDUC Bahia 2026 - Edital 01/2026 - Provimento de Vagas para Professor e Pedagogo,O Governo do Estado da Bahia abre concurso público para provimento de vagas no cargo de Professor Padrão P - Grau III da Educação Básica e Pedagogo. Organizado pela banca FCC.,Gov Bahia (SEC),Superior,Professor,450,2026-06-08T04:54:56.742Z,2026-06-30T04:54:56.742Z,https://www.saeb.ba.gov.br/concursos,Aberto,2026-06-05T04:54:56.742Z,Diário Oficial de Gov Bahia (SEC),FCC,4850
2026-06-10T10:38:02.270Z,Concurso SEDUC Bahia 2026 - Edital 01/2026 - Provimento de Vagas para Professor e Pedagogo,O Governo do Estado da Bahia abre concurso público para provimento de vagas no cargo de Professor Padrão P - Grau III da Educação Básica e Pedagogo. Organizado pela banca FCC.,Gov Bahia (SEC),Superior,Professor,450,2026-06-08T10:38:02.269Z,2026-06-30T10:38:02.269Z,https://www.saeb.ba.gov.br/concursos,Aberto,2026-06-05T10:38:02.269Z,Diário Oficial de Gov Bahia (SEC),FCC,4850
2026-06-10T16:13:22.385Z,Concurso SEDUC Bahia 2026 - Edital 01/2026 - Provimento de Vagas para Professor e Pedagogo,O Governo do Estado da Bahia abre concurso público para provimento de vagas no cargo de Professor Padrão P - Grau III da Educação Básica e Pedagogo. Organizado pela banca FCC.,Gov Bahia (SEC),Superior,Professor,450,2026-06-08T16:13:22.384Z,2026-06-30T16:13:22.384Z,https://www.saeb.ba.gov.br/concursos,Aberto,2026-06-05T16:13:22.384Z,Diário Oficial de Gov Bahia (SEC),FCC,4850
2026-06-10T19:08:39.116Z,Concurso SEDUC Bahia 2026 - Edital 01/2026 - Provimento de Vagas para Professor e Pedagogo,O Governo do Estado da Bahia abre concurso público para provimento de vagas no cargo de Professor Padrão P - Grau III da Educação Básica e Pedagogo. Organizado pela banca FCC.,Gov Bahia (SEC),Superior,Professor,450,2026-06-08T19:08:39.115Z,2026-06-30T19:08:39.115Z,https://www.saeb.ba.gov.br/concursos,Aberto,2026-06-05T19:08:39.115Z,Diário Oficial de Gov Bahia (SEC),FCC,4850
2026-06-10T22:24:05.189Z,Concurso SEDUC Bahia 2026 - Edital 01/2026 - Provimento de Vagas para Professor e Pedagogo,O Governo do Estado da Bahia abre concurso público para provimento de vagas no cargo de Professor Padrão P - Grau III da Educação Básica e Pedagogo. Organizado pela banca FCC.,Gov Bahia (SEC),Superior,Professor,450,2026-06-08T22:24:05.188Z,2026-06-30T22:24:05.188Z,https://www.saeb.ba.gov.br/concursos,Aberto,2026-06-05T22:24:05.188Z,Diário Oficial de Gov Bahia (SEC),FCC,4850
2026-06-10T23:53:58.153Z,Concurso SEDUC Bahia 2026 - Edital 01/2026 - Provimento de Vagas para Professor e Pedagogo,O Governo do Estado da Bahia abre concurso público para provimento de vagas no cargo de Professor Padrão P - Grau III da Educação Básica e Pedagogo. Organizado pela banca FCC.,Gov Bahia (SEC),Superior,Professor,450,2026-06-08T23:53:58.153Z,2026-06-30T23:53:58.153Z,https://www.saeb.ba.gov.br/concursos,Aberto,2026-06-05T23:53:58.153Z,Diário Oficial de Gov Bahia (SEC),FCC,4850
2026-06-11T05:06:18.206Z,Concurso SEDUC Bahia 2026 - Edital 01/2026 - Provimento de Vagas para Professor e Pedagogo,O Governo do Estado da Bahia abre concurso público para provimento de vagas no cargo de Professor Padrão P - Grau III da Educação Básica e Pedagogo. Organizado pela banca FCC.,Gov Bahia (SEC),Superior,Professor,450,2026-06-09T05:06:18.206Z,2026-07-01T05:06:18.206Z,https://www.saeb.ba.gov.br/concursos,Aberto,2026-06-06T05:06:18.206Z,Diário Oficial de Gov Bahia (SEC),FCC,4850
2026-06-11T11:06:43.826Z,Concurso SEDUC Bahia 2026 - Edital 01/2026 - Provimento de Vagas para Professor e Pedagogo,O Governo do Estado da Bahia abre concurso público para provimento de vagas no cargo de Professor Padrão P - Grau III da Educação Básica e Pedagogo. Organizado pela banca FCC.,Gov Bahia (SEC),Superior,Professor,450,2026-06-09T11:06:43.825Z,2026-07-01T11:06:43.825Z,https://www.saeb.ba.gov.br/concursos,Aberto,2026-06-06T11:06:43.825Z,Diário Oficial de Gov Bahia (SEC),FCC,4850
2026-06-11T16:33:34.868Z,Concurso SEDUC Bahia 2026 - Edital 01/2026 - Provimento de Vagas para Professor e Pedagogo,O Governo do Estado da Bahia abre concurso público para provimento de vagas no cargo de Professor Padrão P - Grau III da Educação Básica e Pedagogo. Organizado pela banca FCC.,Gov Bahia (SEC),Superior,Professor,450,2026-06-09T16:33:34.867Z,2026-07-01T16:33:34.867Z,https://www.saeb.ba.gov.br/concursos,Aberto,2026-06-06T16:33:34.867Z,Diário Oficial de Gov Bahia (SEC),FCC,4850
2026-06-11T20:40:46.001Z,Concurso SEDUC Bahia 2026 - Edital 01/2026 - Provimento de Vagas para Professor e Pedagogo,O Governo do Estado da Bahia abre concurso público para provimento de vagas no cargo de Professor Padrão P - Grau III da Educação Básica e Pedagogo. Organizado pela banca FCC.,Gov Bahia (SEC),Superior,Professor,450,2026-06-09T20:40:46.000Z,2026-07-01T20:40:46.000Z,https://www.saeb.ba.gov.br/concursos,Aberto,2026-06-06T20:40:46.000Z,Diário Oficial de Gov Bahia (SEC),FCC,4850
2026-06-12T00:03:30.229Z,Seleções e Concursos | SEC - Secretaria de Educação,"EDITAL DE CONCURSO PÚBLICO Nº 11/2026 - SELEÇÃO DE PROJETOS DE INICIAÇÃO CIENTÍFICA, TECNOLÓGICA E DE INOVAÇÃO ELABORADOS POR ESTUDANTES DA REDE PÚBLICA ...",Gov Bahia (SEC),Médio,Professor,10,2026-06-09T23:58:01.772Z,2026-06-26T23:58:01.772Z,http://www.ba.gov.br/educacao/selecoes-e-concursos,Aberto,2026-06-07T23:58:01.772Z,Diário Oficial de Gov Bahia (SEC),A definir,3500
2026-06-12T00:03:30.229Z,&gt;&gt; Diário Oficial Eletrônico - Feira de Santana &lt;&lt;,EDITAL DE CONVOCAÇÃO Nº 04/2026 - CONCURSO PÚBLICO Nº 01/2024 ; Órgão: Gabinete do Prefeito ; Ano: XII ; Edição : 3537 ; Data da Edição: 27/05/2026.,Pref Feira de Santana,Superior,Professor,10,2026-05-13T00:00:00.000Z,2026-05-29T00:00:00.000Z,https://diariooficial.feiradesantana.ba.gov.br/detalhes.asp?publicacao=1&tipo=3&idsec=1&edicao=,Encerrado,2026-06-07T23:58:01.772Z,Diário Oficial de Pref Feira de Santana,A definir,3500
2026-06-12T00:03:30.229Z,Concursos Educação 2026: 24 mil novos cargos autorizados!,"... pedagogo. Formação: superior. Vagas: 121 + 362. Salário: R$ 6.071 ... 2026 e ofertar 10 mil vagas para professor. Status, anunciado. Cargos ...",Gov Bahia (SEC),Médio,Professor,604,2026-06-09T23:58:01.772Z,2026-06-26T23:58:01.772Z,https://www.estrategiaconcursos.com.br/blog/concursos-educacao/,Aberto,2026-06-07T23:58:01.772Z,Diário Oficial de Gov Bahia (SEC),FGV,13451.43
2026-06-12T00:03:30.229Z,INSTITUTO PROATIVA DE GESTAO EDUCACIONAL - IPGE,"Professor(a) Pedagogo(a) (Educação Infantil), Superior, Piso Nacional Vigente, 20h, 12, R$ 100,00. 11, Professor(a) Pedagogo(a) (Ensino Fundamental I – Anos ...",Gov Bahia (SEC),Superior,Professor,2026,2026-01-23T00:00:00.000Z,2026-05-15T00:00:00.000Z,https://ipge.selecao.net.br/informacoes/14/,Encerrado,2026-06-07T23:58:01.772Z,Diário Oficial de Gov Bahia (SEC),A definir,4780
2026-06-12T00:03:30.229Z,&gt; &gt; &gt; Concursos e Consultoria &lt; &lt; &lt;,PROCESSO SELETIVO SIMPLIFICADO - EDITAL 001/2026 - PREFEITURA MUNICIPAL DE MANSIDÃO / BA ... São vagas para os cargos de Professor. Informações sobre o Concurso ...,Gov Bahia (SEC),Médio,Professor,10,2026-03-09T00:00:00.000Z,2026-06-22T00:00:00.000Z,https://www.planejarconcursos.com.br/,Aberto,2026-06-07T23:58:01.772Z,Diário Oficial de Gov Bahia (SEC),Planejar Consultoria,3500
2026-06-12T05:18:55.938Z,Seleções e Concursos | SEC - Secretaria de Educação,"EDITAL DE CONCURSO PÚBLICO Nº 11/2026 - SELEÇÃO DE PROJETOS DE INICIAÇÃO CIENTÍFICA, TECNOLÓGICA E DE INOVAÇÃO ELABORADOS POR ESTUDANTES DA REDE PÚBLICA ...",Gov Bahia (SEC),Médio,Professor,10,2026-06-10T05:12:09.748Z,2026-06-27T05:12:09.748Z,http://www.ba.gov.br/educacao/selecoes-e-concursos,Aberto,2026-06-08T05:12:09.748Z,Diário Oficial de Gov Bahia (SEC),A definir,3500
2026-06-12T05:18:55.938Z,Concursos e Seleções | Prefeitura de Alagoinhas,PSS 001/2026 – SEDUC – Decreto Nº 6608/2026 – Homologação do ... Concurso Público – 002/2019 – Gabaritos Preliminares da Primeira Etapa do Concurso Público ...,Gov Bahia (SEC),Médio,Professor,10,2026-01-20T00:00:00.000Z,2026-06-02T00:00:00.000Z,https://www.alagoinhas.ba.gov.br/index.php/concursos-e-selecoes/,Encerrado,2026-06-08T05:12:09.748Z,Diário Oficial de Gov Bahia (SEC),A definir,3500
2026-06-12T05:18:55.938Z,Concursos Educação 2026: 24 mil novos cargos autorizados!,"... pedagogo. Formação: superior. Vagas: 121 + 362. Salário: R$ 6.071 ... 2026 e ofertar 10 mil vagas para professor. Status, anunciado. Cargos ...",Gov Bahia (SEC),Médio,Professor,604,2026-06-10T05:12:09.748Z,2026-06-27T05:12:09.748Z,https://www.estrategiaconcursos.com.br/blog/concursos-educacao/,Aberto,2026-06-08T05:12:09.748Z,Diário Oficial de Gov Bahia (SEC),FGV,13451.43
2026-06-12T05:18:55.938Z,&gt; &gt; &gt; Concursos e Consultoria &lt; &lt; &lt;,PROCESSO SELETIVO SIMPLIFICADO - EDITAL 001/2026 - PREFEITURA MUNICIPAL DE MANSIDÃO / BA ... São vagas para os cargos de Professor. Informações sobre o Concurso ...,Gov Bahia (SEC),Médio,Professor,10,2026-03-09T00:00:00.000Z,2026-06-22T00:00:00.000Z,https://www.planejarconcursos.com.br/,Aberto,2026-06-08T05:12:09.748Z,Diário Oficial de Gov Bahia (SEC),Planejar Consultoria,3500
2026-06-12T05:18:55.938Z,INSTITUTO PROATIVA DE GESTAO EDUCACIONAL - IPGE,"Professor(a) Pedagogo(a) (Educação Infantil), Superior, Piso Nacional Vigente, 20h, 12, R$ 100,00. 11, Professor(a) Pedagogo(a) (Ensino Fundamental I – Anos ...",Gov Bahia (SEC),Superior,Professor,2026,2026-01-23T00:00:00.000Z,2026-05-15T00:00:00.000Z,https://ipge.selecao.net.br/informacoes/14/,Encerrado,2026-06-08T05:12:09.748Z,Diário Oficial de Gov Bahia (SEC),A definir,4780
2026-06-12T10:54:58.967Z,Seleções e Concursos | SEC - Secretaria de Educação,"EDITAL DE CONCURSO PÚBLICO Nº 11/2026 - SELEÇÃO DE PROJETOS DE INICIAÇÃO CIENTÍFICA, TECNOLÓGICA E DE INOVAÇÃO ELABORADOS POR ESTUDANTES DA REDE PÚBLICA ...",Gov Bahia (SEC),Médio,Professor,10,2026-06-10T10:46:21.515Z,2026-06-27T10:46:21.515Z,http://www.ba.gov.br/educacao/selecoes-e-concursos,Aberto,2026-06-08T10:46:21.515Z,Diário Oficial de Gov Bahia (SEC),A definir,3500
2026-06-12T10:54:58.967Z,Concursos e Seleções | Prefeitura de Alagoinhas,PSS 001/2026 – SEDUC – Decreto Nº 6608/2026 – Homologação do ... Concurso Público – 002/2019 – Gabaritos Preliminares da Primeira Etapa do Concurso Público ...,Gov Bahia (SEC),Médio,Professor,10,2026-01-20T00:00:00.000Z,2026-06-02T00:00:00.000Z,https://www.alagoinhas.ba.gov.br/index.php/concursos-e-selecoes/,Encerrado,2026-06-08T10:46:21.515Z,Diário Oficial de Gov Bahia (SEC),A definir,3500
2026-06-12T10:54:58.967Z,&gt; &gt; &gt; Concursos e Consultoria &lt; &lt; &lt;,PROCESSO SELETIVO SIMPLIFICADO - EDITAL 001/2026 - PREFEITURA MUNICIPAL DE MANSIDÃO / BA ... São vagas para os cargos de Professor. Informações sobre o Concurso ...,Gov Bahia (SEC),Médio,Professor,10,2026-03-09T00:00:00.000Z,2026-06-22T00:00:00.000Z,https://www.planejarconcursos.com.br/,Aberto,2026-06-08T10:46:21.515Z,Diário Oficial de Gov Bahia (SEC),Planejar Consultoria,3500
2026-06-12T10:54:58.967Z,INSTITUTO PROATIVA DE GESTAO EDUCACIONAL - IPGE,"Professor(a) Pedagogo(a) (Educação Infantil), Superior, Piso Nacional Vigente, 20h, 12, R$ 100,00. 11, Professor(a) Pedagogo(a) (Ensino Fundamental I – Anos ...",Gov Bahia (SEC),Superior,Professor,2026,2026-01-23T00:00:00.000Z,2026-05-15T00:00:00.000Z,https://ipge.selecao.net.br/informacoes/14/,Encerrado,2026-06-08T10:46:21.515Z,Diário Oficial de Gov Bahia (SEC),A definir,4780
2026-06-12T15:52:39.253Z,Seleções e Concursos | SEC - Secretaria de Educação,"EDITAL DE CONCURSO PÚBLICO Nº 11/2026 - SELEÇÃO DE PROJETOS DE INICIAÇÃO CIENTÍFICA, TECNOLÓGICA E DE INOVAÇÃO ELABORADOS POR ESTUDANTES DA REDE PÚBLICA ...",Gov Bahia (SEC),Médio,Professor,10,2026-06-10T15:45:08.642Z,2026-06-27T15:45:08.642Z,http://www.ba.gov.br/educacao/selecoes-e-concursos,Aberto,2026-06-08T15:45:08.642Z,Diário Oficial de Gov Bahia (SEC),A definir,3500
2026-06-12T15:52:39.253Z,&gt;&gt; Diário Oficial Eletrônico - Feira de Santana &lt;&lt;,EDITAL DE CONVOCAÇÃO Nº 04/2026 - CONCURSO PÚBLICO Nº 01/2024 ; Órgão: Gabinete do Prefeito ; Ano: XII ; Edição : 3537 ; Data da Edição: 27/05/2026.,Pref Feira de Santana,Superior,Professor,10,2026-05-14T00:00:00.000Z,2026-06-12T00:00:00.000Z,https://diariooficial.feiradesantana.ba.gov.br/detalhes.asp?publicacao=1&tipo=3&idsec=1&edicao=,Encerrado,2026-06-08T15:45:08.642Z,Diário Oficial de Pref Feira de Santana,A definir,3500
2026-06-12T15:52:39.253Z,INSTITUTO PROATIVA DE GESTAO EDUCACIONAL - IPGE,"Professor(a) Pedagogo(a) (Educação Infantil), Superior, Piso Nacional Vigente, 20h, 12, R$ 100,00. 11, Professor(a) Pedagogo(a) (Ensino Fundamental I – Anos ...",Gov Bahia (SEC),Superior,Professor,2026,2026-01-23T00:00:00.000Z,2026-05-15T00:00:00.000Z,https://ipge.selecao.net.br/informacoes/14/,Encerrado,2026-06-08T15:45:08.642Z,Diário Oficial de Gov Bahia (SEC),A definir,4780
2026-06-12T15:52:39.253Z,&gt; &gt; &gt; Concursos e Consultoria &lt; &lt; &lt;,PROCESSO SELETIVO SIMPLIFICADO - EDITAL 001/2026 - PREFEITURA MUNICIPAL DE MANSIDÃO / BA ... São vagas para os cargos de Professor. Informações sobre o Concurso ...,Gov Bahia (SEC),Médio,Professor,10,2026-03-09T00:00:00.000Z,2026-06-22T00:00:00.000Z,https://www.planejarconcursos.com.br/,Aberto,2026-06-08T15:45:08.642Z,Diário Oficial de Gov Bahia (SEC),Planejar Consultoria,3500
2026-06-12T18:27:32.599Z,Seleções e Concursos | SEC - Secretaria de Educação,"EDITAL DE CONCURSO PÚBLICO Nº 11/2026 - SELEÇÃO DE PROJETOS DE INICIAÇÃO CIENTÍFICA, TECNOLÓGICA E DE INOVAÇÃO ELABORADOS POR ESTUDANTES DA REDE PÚBLICA ...",Gov Bahia (SEC),Médio,Professor,10,2026-06-10T18:22:11.340Z,2026-06-27T18:22:11.340Z,http://www.ba.gov.br/educacao/selecoes-e-concursos,Aberto,2026-06-08T18:22:11.340Z,Diário Oficial de Gov Bahia (SEC),A definir,3500
2026-06-12T18:27:32.599Z,&gt;&gt; Diário Oficial Eletrônico - Feira de Santana &lt;&lt;,EDITAL DE CONVOCAÇÃO Nº 04/2026 - CONCURSO PÚBLICO Nº 01/2024 ; Órgão: Gabinete do Prefeito ; Ano: XII ; Edição : 3537 ; Data da Edição: 27/05/2026.,Pref Feira de Santana,Superior,Professor,10,2026-05-14T00:00:00.000Z,2026-06-12T00:00:00.000Z,https://diariooficial.feiradesantana.ba.gov.br/detalhes.asp?publicacao=1&tipo=3&idsec=1&edicao=,Encerrado,2026-06-08T18:22:11.340Z,Diário Oficial de Pref Feira de Santana,A definir,3500
2026-06-12T18:27:32.599Z,Concursos Educação 2026: 24 mil novos cargos autorizados!,"... pedagogo. Formação: superior. Vagas: 121 + 362. Salário: R$ 6.071 ... 2026 e ofertar 10 mil vagas para professor. Status, anunciado. Cargos ...",Gov Bahia (SEC),Médio,Professor,604,2026-06-10T18:22:11.340Z,2026-06-27T18:22:11.340Z,https://www.estrategiaconcursos.com.br/blog/concursos-educacao/,Aberto,2026-06-08T18:22:11.340Z,Diário Oficial de Gov Bahia (SEC),FGV,13451.43
2026-06-12T18:27:32.599Z,INSTITUTO PROATIVA DE GESTAO EDUCACIONAL - IPGE,"Professor(a) Pedagogo(a) (Educação Infantil), Superior, Piso Nacional Vigente, 20h, 12, R$ 100,00. 11, Professor(a) Pedagogo(a) (Ensino Fundamental I – Anos ...",Gov Bahia (SEC),Superior,Professor,2026,2026-01-23T00:00:00.000Z,2026-05-15T00:00:00.000Z,https://ipge.selecao.net.br/informacoes/14/,Encerrado,2026-06-08T18:22:11.340Z,Diário Oficial de Gov Bahia (SEC),A definir,4780
2026-06-12T18:27:32.599Z,&gt; &gt; &gt; Concursos e Consultoria &lt; &lt; &lt;,PROCESSO SELETIVO SIMPLIFICADO - EDITAL 001/2026 - PREFEITURA MUNICIPAL DE MANSIDÃO / BA ... São vagas para os cargos de Professor. Informações sobre o Concurso ...,Gov Bahia (SEC),Médio,Professor,10,2026-03-09T00:00:00.000Z,2026-06-22T00:00:00.000Z,https://www.planejarconcursos.com.br/,Aberto,2026-06-08T18:22:11.340Z,Diário Oficial de Gov Bahia (SEC),Planejar Consultoria,3500
2026-06-12T18:27:32.599Z,Concursos com vagas para Cirurgião - Dentista,"174 vagas até R$ 9070,60. Cirurgião-Dentista, Capelães Navais, Engenheiros Superior. 14/05/2025. Imip - Instituto de Medicina Integral Professor Fernando ...",Gov Bahia (SEC),Médio,Professor,1660,2026-01-08T00:00:00.000Z,2026-08-27T00:00:00.000Z,https://www.pciconcursos.com.br/vagas/cirurgiao-dentista,Aberto,2026-06-08T18:22:11.340Z,Diário Oficial de Gov Bahia (SEC),A definir,23224.51
2026-06-12T20:38:28.525Z,Seleções e Concursos | SEC - Secretaria de Educação,"EDITAL DE CONCURSO PÚBLICO Nº 11/2026 - SELEÇÃO DE PROJETOS DE INICIAÇÃO CIENTÍFICA, TECNOLÓGICA E DE INOVAÇÃO ELABORADOS POR ESTUDANTES DA REDE PÚBLICA ...",Gov Bahia (SEC),Médio,Professor,10,2026-06-10T20:32:56.943Z,2026-06-27T20:32:56.943Z,http://www.ba.gov.br/educacao/selecoes-e-concursos,Aberto,2026-06-08T20:32:56.943Z,Diário Oficial de Gov Bahia (SEC),A definir,3500
2026-06-12T20:38:28.525Z,&gt;&gt; Diário Oficial Eletrônico - Feira de Santana &lt;&lt;,EDITAL DE CONVOCAÇÃO Nº 04/2026 - CONCURSO PÚBLICO Nº 01/2024 ; Órgão: Gabinete do Prefeito ; Ano: XII ; Edição : 3537 ; Data da Edição: 27/05/2026.,Pref Feira de Santana,Superior,Professor,10,2026-05-14T00:00:00.000Z,2026-06-12T00:00:00.000Z,https://diariooficial.feiradesantana.ba.gov.br/detalhes.asp?publicacao=1&tipo=3&idsec=1&edicao=,Encerrado,2026-06-08T20:32:56.943Z,Diário Oficial de Pref Feira de Santana,A definir,3500
2026-06-12T20:38:28.525Z,Concursos Educação 2026: 24 mil novos cargos autorizados!,"... pedagogo. Formação: superior. Vagas: 121 + 362. Salário: R$ 6.071 ... 2026 e ofertar 10 mil vagas para professor. Status, anunciado. Cargos ...",Gov Bahia (SEC),Médio,Professor,604,2026-06-10T20:32:56.943Z,2026-06-27T20:32:56.943Z,https://www.estrategiaconcursos.com.br/blog/concursos-educacao/,Aberto,2026-06-08T20:32:56.943Z,Diário Oficial de Gov Bahia (SEC),FGV,13451.43
2026-06-12T20:38:28.525Z,INSTITUTO PROATIVA DE GESTAO EDUCACIONAL - IPGE,"Professor(a) Pedagogo(a) (Educação Infantil), Superior, Piso Nacional Vigente, 20h, 12, R$ 100,00. 11, Professor(a) Pedagogo(a) (Ensino Fundamental I – Anos ...",Gov Bahia (SEC),Superior,Professor,2026,2026-01-23T00:00:00.000Z,2026-05-15T00:00:00.000Z,https://ipge.selecao.net.br/informacoes/14/,Encerrado,2026-06-08T20:32:56.943Z,Diário Oficial de Gov Bahia (SEC),A definir,4780
2026-06-12T20:38:28.525Z,&gt; &gt; &gt; Concursos e Consultoria &lt; &lt; &lt;,PROCESSO SELETIVO SIMPLIFICADO - EDITAL 001/2026 - PREFEITURA MUNICIPAL DE MANSIDÃO / BA ... São vagas para os cargos de Professor. Informações sobre o Concurso ...,Gov Bahia (SEC),Médio,Professor,10,2026-03-09T00:00:00.000Z,2026-06-22T00:00:00.000Z,https://www.planejarconcursos.com.br/,Aberto,2026-06-08T20:32:56.943Z,Diário Oficial de Gov Bahia (SEC),Planejar Consultoria,3500
2026-06-12T20:38:28.525Z,Concursos com vagas para Cirurgião - Dentista,"174 vagas até R$ 9070,60. Cirurgião-Dentista, Capelães Navais, Engenheiros Superior. 14/05/2025. Imip - Instituto de Medicina Integral Professor Fernando ...",Gov Bahia (SEC),Médio,Professor,1660,2026-01-08T00:00:00.000Z,2026-08-27T00:00:00.000Z,https://www.pciconcursos.com.br/vagas/cirurgiao-dentista,Aberto,2026-06-08T20:32:56.943Z,Diário Oficial de Gov Bahia (SEC),A definir,23224.51
2026-06-13T00:03:46.978Z,Seleções e Concursos | SEC - Secretaria de Educação,"EDITAL DE CONCURSO PÚBLICO Nº 11/2026 - SELEÇÃO DE PROJETOS DE INICIAÇÃO CIENTÍFICA, TECNOLÓGICA E DE INOVAÇÃO ELABORADOS POR ESTUDANTES DA REDE PÚBLICA ...",Gov Bahia (SEC),Médio,Professor,10,2026-06-10T23:58:03.231Z,2026-06-27T23:58:03.231Z,http://www.ba.gov.br/educacao/selecoes-e-concursos,Aberto,2026-06-08T23:58:03.231Z,Diário Oficial de Gov Bahia (SEC),A definir,3500
2026-06-13T00:03:46.978Z,Concursos e Seleções | Prefeitura de Alagoinhas,PSS 001/2026 – SEDUC – Decreto Nº 6608/2026 – Homologação do ... Concurso Público – 002/2019 – Gabaritos Preliminares da Primeira Etapa do Concurso Público ...,Gov Bahia (SEC),Médio,Professor,10,2026-01-20T00:00:00.000Z,2026-06-02T00:00:00.000Z,https://www.alagoinhas.ba.gov.br/index.php/concursos-e-selecoes/,Encerrado,2026-06-08T23:58:03.231Z,Diário Oficial de Gov Bahia (SEC),A definir,3500
2026-06-13T00:03:46.978Z,Concursos Bahia: confira as vagas e editais para 2026!,"... Bahia, realizará um concurso para a área da educação em 2026! Vagas/ Cargos e salário inicial. Cargo: Professor educação básica; Formação ...",Gov Bahia (SEC),Médio,Professor,246,2026-06-10T23:58:03.231Z,2026-06-27T23:58:03.231Z,https://www.estrategiaconcursos.com.br/blog/concursos-ba/,Aberto,2026-06-08T23:58:03.231Z,Diário Oficial de Gov Bahia (SEC),FGV,37589.95
2026-06-13T00:03:46.978Z,&gt; &gt; &gt; Concursos e Consultoria &lt; &lt; &lt;,PROCESSO SELETIVO SIMPLIFICADO - EDITAL 001/2026 - PREFEITURA MUNICIPAL DE MANSIDÃO / BA ... São vagas para os cargos de Professor. Informações sobre o Concurso ...,Gov Bahia (SEC),Médio,Professor,10,2026-03-09T00:00:00.000Z,2026-06-22T00:00:00.000Z,https://www.planejarconcursos.com.br/,Aberto,2026-06-08T23:58:03.231Z,Diário Oficial de Gov Bahia (SEC),Planejar Consultoria,3500
2026-06-13T00:03:46.978Z,INSTITUTO PROATIVA DE GESTAO EDUCACIONAL - IPGE,"Professor(a) Pedagogo(a) (Educação Infantil), Superior, Piso Nacional Vigente, 20h, 12, R$ 100,00. 11, Professor(a) Pedagogo(a) (Ensino Fundamental I – Anos ...",Gov Bahia (SEC),Superior,Professor,2026,2026-01-23T00:00:00.000Z,2026-05-15T00:00:00.000Z,https://ipge.selecao.net.br/informacoes/14/,Encerrado,2026-06-08T23:58:03.231Z,Diário Oficial de Gov Bahia (SEC),A definir,4780
2026-06-13T00:03:46.978Z,Concursos com vagas para Cirurgião - Dentista,"174 vagas até R$ 9070,60. Cirurgião-Dentista, Capelães Navais, Engenheiros Superior. 14/05/2025. Imip - Instituto de Medicina Integral Professor Fernando ...",Gov Bahia (SEC),Médio,Professor,1660,2026-01-08T00:00:00.000Z,2026-08-27T00:00:00.000Z,https://www.pciconcursos.com.br/vagas/cirurgiao-dentista,Aberto,2026-06-08T23:58:03.231Z,Diário Oficial de Gov Bahia (SEC),A definir,23224.51
2026-06-13T05:01:29.234Z,Seleções e Concursos | SEC - Secretaria de Educação,"EDITAL DE CONCURSO PÚBLICO Nº 11/2026 - SELEÇÃO DE PROJETOS DE INICIAÇÃO CIENTÍFICA, TECNOLÓGICA E DE INOVAÇÃO ELABORADOS POR ESTUDANTES DA REDE PÚBLICA ...",Gov Bahia (SEC),Médio,Professor,10,2026-06-11T04:56:53.088Z,2026-06-28T04:56:53.088Z,http://www.ba.gov.br/educacao/selecoes-e-concursos,Aberto,2026-06-09T04:56:53.088Z,Diário Oficial de Gov Bahia (SEC),A definir,3500
2026-06-13T05:01:29.234Z,Concursos e Seleções | Prefeitura de Alagoinhas,PSS 001/2026 – SEDUC – Decreto Nº 6608/2026 – Homologação do ... Concurso Público – 002/2019 – Gabaritos Preliminares da Primeira Etapa do Concurso Público ...,Gov Bahia (SEC),Médio,Professor,10,2026-01-20T00:00:00.000Z,2026-06-12T00:00:00.000Z,https://www.alagoinhas.ba.gov.br/index.php/concursos-e-selecoes/,Encerrado,2026-06-09T04:56:53.088Z,Diário Oficial de Gov Bahia (SEC),A definir,3500
2026-06-13T05:01:29.234Z,Concursos Bahia: confira as vagas e editais para 2026!,"... Bahia, realizará um concurso para a área da educação em 2026! Vagas/ Cargos e salário inicial. Cargo: Professor educação básica; Formação ...",Gov Bahia (SEC),Médio,Professor,246,2026-06-11T04:56:53.088Z,2026-06-28T04:56:53.088Z,https://www.estrategiaconcursos.com.br/blog/concursos-ba/,Aberto,2026-06-09T04:56:53.088Z,Diário Oficial de Gov Bahia (SEC),FGV,37589.95
2026-06-13T05:01:29.234Z,&gt; &gt; &gt; Concursos e Consultoria &lt; &lt; &lt;,PROCESSO SELETIVO SIMPLIFICADO - EDITAL 001/2026 - PREFEITURA MUNICIPAL DE MANSIDÃO / BA ... São vagas para os cargos de Professor. Informações sobre o Concurso ...,Gov Bahia (SEC),Médio,Professor,10,2026-03-09T00:00:00.000Z,2026-06-22T00:00:00.000Z,https://www.planejarconcursos.com.br/,Aberto,2026-06-09T04:56:53.088Z,Diário Oficial de Gov Bahia (SEC),Planejar Consultoria,3500
2026-06-13T05:01:29.234Z,INSTITUTO PROATIVA DE GESTAO EDUCACIONAL - IPGE,"Professor(a) Pedagogo(a) (Educação Infantil), Superior, Piso Nacional Vigente, 20h, 12, R$ 100,00. 11, Professor(a) Pedagogo(a) (Ensino Fundamental I – Anos ...",Gov Bahia (SEC),Superior,Professor,2026,2026-01-23T00:00:00.000Z,2026-05-15T00:00:00.000Z,https://ipge.selecao.net.br/informacoes/14/,Encerrado,2026-06-09T04:56:53.088Z,Diário Oficial de Gov Bahia (SEC),A definir,4780
2026-06-13T09:41:39.422Z,Concurso SEDUC Bahia 2026 - Edital 01/2026 - Provimento de Vagas para Professor e Pedagogo,O Governo do Estado da Bahia abre concurso público para provimento de vagas no cargo de Professor Padrão P - Grau III da Educação Básica e Pedagogo. Organizado pela banca FCC.,Gov Bahia (SEC),Superior,Professor,450,2026-06-11T09:41:39.421Z,2026-07-03T09:41:39.421Z,https://www.saeb.ba.gov.br/concursos,Aberto,2026-06-08T09:41:39.421Z,Diário Oficial de Gov Bahia (SEC),FCC,4850
2026-06-13T12:07:42.291Z,Concurso SEDUC Bahia 2026 - Edital 01/2026 - Provimento de Vagas para Professor e Pedagogo,O Governo do Estado da Bahia abre concurso público para provimento de vagas no cargo de Professor Padrão P - Grau III da Educação Básica e Pedagogo. Organizado pela banca FCC.,Gov Bahia (SEC),Superior,Professor,450,2026-06-11T12:07:42.291Z,2026-07-03T12:07:42.291Z,https://www.saeb.ba.gov.br/concursos,Aberto,2026-06-08T12:07:42.291Z,Diário Oficial de Gov Bahia (SEC),FCC,4850
2026-06-13T14:34:43.664Z,Concurso SEDUC Bahia 2026 - Edital 01/2026 - Provimento de Vagas para Professor e Pedagogo,O Governo do Estado da Bahia abre concurso público para provimento de vagas no cargo de Professor Padrão P - Grau III da Educação Básica e Pedagogo. Organizado pela banca FCC.,Gov Bahia (SEC),Superior,Professor,450,2026-06-11T14:34:43.664Z,2026-07-03T14:34:43.664Z,https://www.saeb.ba.gov.br/concursos,Aberto,2026-06-08T14:34:43.664Z,Diário Oficial de Gov Bahia (SEC),FCC,4850
2026-06-13T17:51:03.569Z,Concurso SEDUC Bahia 2026 - Edital 01/2026 - Provimento de Vagas para Professor e Pedagogo,O Governo do Estado da Bahia abre concurso público para provimento de vagas no cargo de Professor Padrão P - Grau III da Educação Básica e Pedagogo. Organizado pela banca FCC.,Gov Bahia (SEC),Superior,Professor,450,2026-06-11T17:51:03.569Z,2026-07-03T17:51:03.569Z,https://www.saeb.ba.gov.br/concursos,Aberto,2026-06-08T17:51:03.569Z,Diário Oficial de Gov Bahia (SEC),FCC,4850
2026-06-13T19:59:45.311Z,Concurso SEDUC Bahia 2026 - Edital 01/2026 - Provimento de Vagas para Professor e Pedagogo,O Governo do Estado da Bahia abre concurso público para provimento de vagas no cargo de Professor Padrão P - Grau III da Educação Básica e Pedagogo. Organizado pela banca FCC.,Gov Bahia (SEC),Superior,Professor,450,2026-06-11T19:59:45.311Z,2026-07-03T19:59:45.311Z,https://www.saeb.ba.gov.br/concursos,Aberto,2026-06-08T19:59:45.311Z,Diário Oficial de Gov Bahia (SEC),FCC,4850
2026-06-13T21:43:02.098Z,Concurso SEDUC Bahia 2026 - Edital 01/2026 - Provimento de Vagas para Professor e Pedagogo,O Governo do Estado da Bahia abre concurso público para provimento de vagas no cargo de Professor Padrão P - Grau III da Educação Básica e Pedagogo. Organizado pela banca FCC.,Gov Bahia (SEC),Superior,Professor,450,2026-06-11T21:43:02.098Z,2026-07-03T21:43:02.098Z,https://www.saeb.ba.gov.br/concursos,Aberto,2026-06-08T21:43:02.098Z,Diário Oficial de Gov Bahia (SEC),FCC,4850
2026-06-13T23:37:56.476Z,Concurso SEDUC Bahia 2026 - Edital 01/2026 - Provimento de Vagas para Professor e Pedagogo,O Governo do Estado da Bahia abre concurso público para provimento de vagas no cargo de Professor Padrão P - Grau III da Educação Básica e Pedagogo. Organizado pela banca FCC.,Gov Bahia (SEC),Superior,Professor,450,2026-06-11T23:37:56.476Z,2026-07-03T23:37:56.476Z,https://www.saeb.ba.gov.br/concursos,Aberto,2026-06-08T23:37:56.476Z,Diário Oficial de Gov Bahia (SEC),FCC,4850
2026-06-14T05:13:58.371Z,Concurso SEDUC Bahia 2026 - Edital 01/2026 - Provimento de Vagas para Professor e Pedagogo,O Governo do Estado da Bahia abre concurso público para provimento de vagas no cargo de Professor Padrão P - Grau III da Educação Básica e Pedagogo. Organizado pela banca FCC.,Gov Bahia (SEC),Superior,Professor,450,2026-06-12T05:13:58.370Z,2026-07-04T05:13:58.370Z,https://www.saeb.ba.gov.br/concursos,Aberto,2026-06-09T05:13:58.370Z,Diário Oficial de Gov Bahia (SEC),FCC,4850
2026-06-14T10:01:42.227Z,Concurso SEDUC Bahia 2026 - Edital 01/2026 - Provimento de Vagas para Professor e Pedagogo,O Governo do Estado da Bahia abre concurso público para provimento de vagas no cargo de Professor Padrão P - Grau III da Educação Básica e Pedagogo. Organizado pela banca FCC.,Gov Bahia (SEC),Superior,Professor,450,2026-06-12T10:01:42.227Z,2026-07-04T10:01:42.227Z,https://www.saeb.ba.gov.br/concursos,Aberto,2026-06-09T10:01:42.227Z,Diário Oficial de Gov Bahia (SEC),FCC,4850
2026-06-14T12:19:59.428Z,Concurso SEDUC Bahia 2026 - Edital 01/2026 - Provimento de Vagas para Professor e Pedagogo,O Governo do Estado da Bahia abre concurso público para provimento de vagas no cargo de Professor Padrão P - Grau III da Educação Básica e Pedagogo. Organizado pela banca FCC.,Gov Bahia (SEC),Superior,Professor,450,2026-06-12T12:19:59.427Z,2026-07-04T12:19:59.427Z,https://www.saeb.ba.gov.br/concursos,Aberto,2026-06-09T12:19:59.427Z,Diário Oficial de Gov Bahia (SEC),FCC,4850
2026-06-14T14:36:52.200Z,Concurso SEDUC Bahia 2026 - Edital 01/2026 - Provimento de Vagas para Professor e Pedagogo,O Governo do Estado da Bahia abre concurso público para provimento de vagas no cargo de Professor Padrão P - Grau III da Educação Básica e Pedagogo. Organizado pela banca FCC.,Gov Bahia (SEC),Superior,Professor,450,2026-06-12T14:36:52.199Z,2026-07-04T14:36:52.199Z,https://www.saeb.ba.gov.br/concursos,Aberto,2026-06-09T14:36:52.199Z,Diário Oficial de Gov Bahia (SEC),FCC,4850
2026-06-14T17:54:39.761Z,Concurso SEDUC Bahia 2026 - Edital 01/2026 - Provimento de Vagas para Professor e Pedagogo,O Governo do Estado da Bahia abre concurso público para provimento de vagas no cargo de Professor Padrão P - Grau III da Educação Básica e Pedagogo. Organizado pela banca FCC.,Gov Bahia (SEC),Superior,Professor,450,2026-06-12T17:54:39.760Z,2026-07-04T17:54:39.760Z,https://www.saeb.ba.gov.br/concursos,Aberto,2026-06-09T17:54:39.760Z,Diário Oficial de Gov Bahia (SEC),FCC,4850
2026-06-14T20:04:05.048Z,Concurso SEDUC Bahia 2026 - Edital 01/2026 - Provimento de Vagas para Professor e Pedagogo,O Governo do Estado da Bahia abre concurso público para provimento de vagas no cargo de Professor Padrão P - Grau III da Educação Básica e Pedagogo. Organizado pela banca FCC.,Gov Bahia (SEC),Superior,Professor,450,2026-06-12T20:04:05.048Z,2026-07-04T20:04:05.048Z,https://www.saeb.ba.gov.br/concursos,Aberto,2026-06-09T20:04:05.048Z,Diário Oficial de Gov Bahia (SEC),FCC,4850
2026-06-14T21:48:53.920Z,Concurso SEDUC Bahia 2026 - Edital 01/2026 - Provimento de Vagas para Professor e Pedagogo,O Governo do Estado da Bahia abre concurso público para provimento de vagas no cargo de Professor Padrão P - Grau III da Educação Básica e Pedagogo. Organizado pela banca FCC.,Gov Bahia (SEC),Superior,Professor,450,2026-06-12T21:48:53.920Z,2026-07-04T21:48:53.920Z,https://www.saeb.ba.gov.br/concursos,Aberto,2026-06-09T21:48:53.920Z,Diário Oficial de Gov Bahia (SEC),FCC,4850
2026-06-14T23:42:28.770Z,Concurso SEDUC Bahia 2026 - Edital 01/2026 - Provimento de Vagas para Professor e Pedagogo,O Governo do Estado da Bahia abre concurso público para provimento de vagas no cargo de Professor Padrão P - Grau III da Educação Básica e Pedagogo. Organizado pela banca FCC.,Gov Bahia (SEC),Superior,Professor,450,2026-06-12T23:42:28.770Z,2026-07-04T23:42:28.770Z,https://www.saeb.ba.gov.br/concursos,Aberto,2026-06-09T23:42:28.770Z,Diário Oficial de Gov Bahia (SEC),FCC,4850
2026-06-15T05:34:27.719Z,Concurso SEDUC Bahia 2026 - Edital 01/2026 - Provimento de Vagas para Professor e Pedagogo,O Governo do Estado da Bahia abre concurso público para provimento de vagas no cargo de Professor Padrão P - Grau III da Educação Básica e Pedagogo. Organizado pela banca FCC.,Gov Bahia (SEC),Superior,Professor,450,2026-06-13T05:34:27.719Z,2026-07-05T05:34:27.719Z,https://www.saeb.ba.gov.br/concursos,Aberto,2026-06-10T05:34:27.719Z,Diário Oficial de Gov Bahia (SEC),FCC,4850
2026-06-15T12:47:39.334Z,Concurso SEDUC Bahia 2026 - Edital 01/2026 - Provimento de Vagas para Professor e Pedagogo,O Governo do Estado da Bahia abre concurso público para provimento de vagas no cargo de Professor Padrão P - Grau III da Educação Básica e Pedagogo. Organizado pela banca FCC.,Gov Bahia (SEC),Superior,Professor,450,2026-06-13T12:47:39.333Z,2026-07-05T12:47:39.333Z,https://www.saeb.ba.gov.br/concursos,Aberto,2026-06-10T12:47:39.333Z,Diário Oficial de Gov Bahia (SEC),FCC,4850
2026-06-15T18:49:07.048Z,Concurso SEDUC Bahia 2026 - Edital 01/2026 - Provimento de Vagas para Professor e Pedagogo,O Governo do Estado da Bahia abre concurso público para provimento de vagas no cargo de Professor Padrão P - Grau III da Educação Básica e Pedagogo. Organizado pela banca FCC.,Gov Bahia (SEC),Superior,Professor,450,2026-06-13T18:49:07.047Z,2026-07-05T18:49:07.047Z,https://www.saeb.ba.gov.br/concursos,Aberto,2026-06-10T18:49:07.047Z,Diário Oficial de Gov Bahia (SEC),FCC,4850
2026-06-15T22:32:52.738Z,Concurso SEDUC Bahia 2026 - Edital 01/2026 - Provimento de Vagas para Professor e Pedagogo,O Governo do Estado da Bahia abre concurso público para provimento de vagas no cargo de Professor Padrão P - Grau III da Educação Básica e Pedagogo. Organizado pela banca FCC.,Gov Bahia (SEC),Superior,Professor,450,2026-06-13T22:32:52.738Z,2026-07-05T22:32:52.738Z,https://www.saeb.ba.gov.br/concursos,Aberto,2026-06-10T22:32:52.738Z,Diário Oficial de Gov Bahia (SEC),FCC,4850
2026-06-16T05:42:33.712Z,Concurso SEDUC Bahia 2026 - Edital 01/2026 - Provimento de Vagas para Professor e Pedagogo,O Governo do Estado da Bahia abre concurso público para provimento de vagas no cargo de Professor Padrão P - Grau III da Educação Básica e Pedagogo. Organizado pela banca FCC.,Gov Bahia (SEC),Superior,Professor,450,2026-06-14T05:42:33.711Z,2026-07-06T05:42:33.711Z,https://www.saeb.ba.gov.br/concursos,Aberto,2026-06-11T05:42:33.711Z,Diário Oficial de Gov Bahia (SEC),FCC,4850
2026-06-16T11:39:44.726Z,Concurso SEDUC Bahia 2026 - Edital 01/2026 - Provimento de Vagas para Professor e Pedagogo,O Governo do Estado da Bahia abre concurso público para provimento de vagas no cargo de Professor Padrão P - Grau III da Educação Básica e Pedagogo. Organizado pela banca FCC.,Gov Bahia (SEC),Superior,Professor,450,2026-06-14T11:39:44.726Z,2026-07-06T11:39:44.726Z,https://www.saeb.ba.gov.br/concursos,Aberto,2026-06-11T11:39:44.726Z,Diário Oficial de Gov Bahia (SEC),FCC,4850
2026-06-16T17:28:27.597Z,Concurso SEDUC Bahia 2026 - Edital 01/2026 - Provimento de Vagas para Professor e Pedagogo,O Governo do Estado da Bahia abre concurso público para provimento de vagas no cargo de Professor Padrão P - Grau III da Educação Básica e Pedagogo. Organizado pela banca FCC.,Gov Bahia (SEC),Superior,Professor,450,2026-06-14T17:28:27.597Z,2026-07-06T17:28:27.597Z,https://www.saeb.ba.gov.br/concursos,Aberto,2026-06-11T17:28:27.597Z,Diário Oficial de Gov Bahia (SEC),FCC,4850
2026-06-16T21:24:17.425Z,Concurso SEDUC Bahia 2026 - Edital 01/2026 - Provimento de Vagas para Professor e Pedagogo,O Governo do Estado da Bahia abre concurso público para provimento de vagas no cargo de Professor Padrão P - Grau III da Educação Básica e Pedagogo. Organizado pela banca FCC.,Gov Bahia (SEC),Superior,Professor,450,2026-06-14T21:24:17.425Z,2026-07-06T21:24:17.425Z,https://www.saeb.ba.gov.br/concursos,Aberto,2026-06-11T21:24:17.425Z,Diário Oficial de Gov Bahia (SEC),FCC,4850
2026-06-16T23:53:45.643Z,Concurso SEDUC Bahia 2026 - Edital 01/2026 - Provimento de Vagas para Professor e Pedagogo,O Governo do Estado da Bahia abre concurso público para provimento de vagas no cargo de Professor Padrão P - Grau III da Educação Básica e Pedagogo. Organizado pela banca FCC.,Gov Bahia (SEC),Superior,Professor,450,2026-06-14T23:53:45.643Z,2026-07-06T23:53:45.643Z,https://www.saeb.ba.gov.br/concursos,Aberto,2026-06-11T23:53:45.643Z,Diário Oficial de Gov Bahia (SEC),FCC,4850
2026-06-17T05:22:55.399Z,Concurso SEDUC Bahia 2026 - Edital 01/2026 - Provimento de Vagas para Professor e Pedagogo,O Governo do Estado da Bahia abre concurso público para provimento de vagas no cargo de Professor Padrão P - Grau III da Educação Básica e Pedagogo. Organizado pela banca FCC.,Gov Bahia (SEC),Superior,Professor,450,2026-06-15T05:22:55.398Z,2026-07-07T05:22:55.398Z,https://www.saeb.ba.gov.br/concursos,Aberto,2026-06-12T05:22:55.398Z,Diário Oficial de Gov Bahia (SEC),FCC,4850
2026-06-17T11:20:32.307Z,Concurso SEDUC Bahia 2026 - Edital 01/2026 - Provimento de Vagas para Professor e Pedagogo,O Governo do Estado da Bahia abre concurso público para provimento de vagas no cargo de Professor Padrão P - Grau III da Educação Básica e Pedagogo. Organizado pela banca FCC.,Gov Bahia (SEC),Superior,Professor,450,2026-06-15T11:20:32.306Z,2026-07-07T11:20:32.306Z,https://www.saeb.ba.gov.br/concursos,Aberto,2026-06-12T11:20:32.306Z,Diário Oficial de Gov Bahia (SEC),FCC,4850
2026-06-17T16:10:09.662Z,Concurso SEDUC Bahia 2026 - Edital 01/2026 - Provimento de Vagas para Professor e Pedagogo,O Governo do Estado da Bahia abre concurso público para provimento de vagas no cargo de Professor Padrão P - Grau III da Educação Básica e Pedagogo. Organizado pela banca FCC.,Gov Bahia (SEC),Superior,Professor,450,2026-06-15T16:10:09.662Z,2026-07-07T16:10:09.662Z,https://www.saeb.ba.gov.br/concursos,Aberto,2026-06-12T16:10:09.662Z,Diário Oficial de Gov Bahia (SEC),FCC,4850
2026-06-17T18:39:10.743Z,Concurso SEDUC Bahia 2026 - Edital 01/2026 - Provimento de Vagas para Professor e Pedagogo,O Governo do Estado da Bahia abre concurso público para provimento de vagas no cargo de Professor Padrão P - Grau III da Educação Básica e Pedagogo. Organizado pela banca FCC.,Gov Bahia (SEC),Superior,Professor,450,2026-06-15T18:39:10.742Z,2026-07-07T18:39:10.742Z,https://www.saeb.ba.gov.br/concursos,Aberto,2026-06-12T18:39:10.742Z,Diário Oficial de Gov Bahia (SEC),FCC,4850
2026-06-17T22:18:17.416Z,Concurso SEDUC Bahia 2026 - Edital 01/2026 - Provimento de Vagas para Professor e Pedagogo,O Governo do Estado da Bahia abre concurso público para provimento de vagas no cargo de Professor Padrão P - Grau III da Educação Básica e Pedagogo. Organizado pela banca FCC.,Gov Bahia (SEC),Superior,Professor,450,2026-06-15T22:18:17.415Z,2026-07-07T22:18:17.415Z,https://www.saeb.ba.gov.br/concursos,Aberto,2026-06-12T22:18:17.415Z,Diário Oficial de Gov Bahia (SEC),FCC,4850
2026-06-17T23:54:47.557Z,Concurso SEDUC Bahia 2026 - Edital 01/2026 - Provimento de Vagas para Professor e Pedagogo,O Governo do Estado da Bahia abre concurso público para provimento de vagas no cargo de Professor Padrão P - Grau III da Educação Básica e Pedagogo. Organizado pela banca FCC.,Gov Bahia (SEC),Superior,Professor,450,2026-06-15T23:54:47.557Z,2026-07-07T23:54:47.557Z,https://www.saeb.ba.gov.br/concursos,Aberto,2026-06-12T23:54:47.557Z,Diário Oficial de Gov Bahia (SEC),FCC,4850
2026-06-18T05:12:38.943Z,Concurso SEDUC Bahia 2026 - Edital 01/2026 - Provimento de Vagas para Professor e Pedagogo,O Governo do Estado da Bahia abre concurso público para provimento de vagas no cargo de Professor Padrão P - Grau III da Educação Básica e Pedagogo. Organizado pela banca FCC.,Gov Bahia (SEC),Superior,Professor,450,2026-06-16T05:12:38.943Z,2026-07-08T05:12:38.943Z,https://www.saeb.ba.gov.br/concursos,Aberto,2026-06-13T05:12:38.943Z,Diário Oficial de Gov Bahia (SEC),FCC,4850
2026-06-18T10:51:40.433Z,Concurso SEDUC Bahia 2026 - Edital 01/2026 - Provimento de Vagas para Professor e Pedagogo,O Governo do Estado da Bahia abre concurso público para provimento de vagas no cargo de Professor Padrão P - Grau III da Educação Básica e Pedagogo. Organizado pela banca FCC.,Gov Bahia (SEC),Superior,Professor,450,2026-06-16T10:51:40.433Z,2026-07-08T10:51:40.433Z,https://www.saeb.ba.gov.br/concursos,Aberto,2026-06-13T10:51:40.433Z,Diário Oficial de Gov Bahia (SEC),FCC,4850
2026-06-18T15:59:28.642Z,Concurso SEDUC Bahia 2026 - Edital 01/2026 - Provimento de Vagas para Professor e Pedagogo,O Governo do Estado da Bahia abre concurso público para provimento de vagas no cargo de Professor Padrão P - Grau III da Educação Básica e Pedagogo. Organizado pela banca FCC.,Gov Bahia (SEC),Superior,Professor,450,2026-06-16T15:59:28.642Z,2026-07-08T15:59:28.642Z,https://www.saeb.ba.gov.br/concursos,Aberto,2026-06-13T15:59:28.642Z,Diário Oficial de Gov Bahia (SEC),FCC,4850
2026-06-18T18:39:36.785Z,Concurso SEDUC Bahia 2026 - Edital 01/2026 - Provimento de Vagas para Professor e Pedagogo,O Governo do Estado da Bahia abre concurso público para provimento de vagas no cargo de Professor Padrão P - Grau III da Educação Básica e Pedagogo. Organizado pela banca FCC.,Gov Bahia (SEC),Superior,Professor,450,2026-06-16T18:39:36.784Z,2026-07-08T18:39:36.784Z,https://www.saeb.ba.gov.br/concursos,Aberto,2026-06-13T18:39:36.784Z,Diário Oficial de Gov Bahia (SEC),FCC,4850
2026-06-18T22:28:44.877Z,Concurso SEDUC Bahia 2026 - Edital 01/2026 - Provimento de Vagas para Professor e Pedagogo,O Governo do Estado da Bahia abre concurso público para provimento de vagas no cargo de Professor Padrão P - Grau III da Educação Básica e Pedagogo. Organizado pela banca FCC.,Gov Bahia (SEC),Superior,Professor,450,2026-06-16T22:28:44.877Z,2026-07-08T22:28:44.877Z,https://www.saeb.ba.gov.br/concursos,Aberto,2026-06-13T22:28:44.877Z,Diário Oficial de Gov Bahia (SEC),FCC,4850
2026-06-19T00:10:01.824Z,Concurso SEDUC Bahia 2026 - Edital 01/2026 - Provimento de Vagas para Professor e Pedagogo,O Governo do Estado da Bahia abre concurso público para provimento de vagas no cargo de Professor Padrão P - Grau III da Educação Básica e Pedagogo. Organizado pela banca FCC.,Gov Bahia (SEC),Superior,Professor,450,2026-06-17T00:10:01.823Z,2026-07-09T00:10:01.823Z,https://www.saeb.ba.gov.br/concursos,Aberto,2026-06-14T00:10:01.823Z,Diário Oficial de Gov Bahia (SEC),FCC,4850
2026-06-19T05:31:50.875Z,Concurso SEDUC Bahia 2026 - Edital 01/2026 - Provimento de Vagas para Professor e Pedagogo,O Governo do Estado da Bahia abre concurso público para provimento de vagas no cargo de Professor Padrão P - Grau III da Educação Básica e Pedagogo. Organizado pela banca FCC.,Gov Bahia (SEC),Superior,Professor,450,2026-06-17T05:31:50.874Z,2026-07-09T05:31:50.874Z,https://www.saeb.ba.gov.br/concursos,Aberto,2026-06-14T05:31:50.874Z,Diário Oficial de Gov Bahia (SEC),FCC,4850
2026-06-19T11:00:33.815Z,Concurso SEDUC Bahia 2026 - Edital 01/2026 - Provimento de Vagas para Professor e Pedagogo,O Governo do Estado da Bahia abre concurso público para provimento de vagas no cargo de Professor Padrão P - Grau III da Educação Básica e Pedagogo. Organizado pela banca FCC.,Gov Bahia (SEC),Superior,Professor,450,2026-06-17T11:00:33.814Z,2026-07-09T11:00:33.814Z,https://www.saeb.ba.gov.br/concursos,Aberto,2026-06-14T11:00:33.814Z,Diário Oficial de Gov Bahia (SEC),FCC,4850
2026-06-19T15:46:15.399Z,Concurso SEDUC Bahia 2026 - Edital 01/2026 - Provimento de Vagas para Professor e Pedagogo,O Governo do Estado da Bahia abre concurso público para provimento de vagas no cargo de Professor Padrão P - Grau III da Educação Básica e Pedagogo. Organizado pela banca FCC.,Gov Bahia (SEC),Superior,Professor,450,2026-06-17T15:46:15.398Z,2026-07-09T15:46:15.398Z,https://www.saeb.ba.gov.br/concursos,Aberto,2026-06-14T15:46:15.398Z,Diário Oficial de Gov Bahia (SEC),FCC,4850
2026-06-19T18:13:58.932Z,Concurso SEDUC Bahia 2026 - Edital 01/2026 - Provimento de Vagas para Professor e Pedagogo,O Governo do Estado da Bahia abre concurso público para provimento de vagas no cargo de Professor Padrão P - Grau III da Educação Básica e Pedagogo. Organizado pela banca FCC.,Gov Bahia (SEC),Superior,Professor,450,2026-06-17T18:13:58.932Z,2026-07-09T18:13:58.932Z,https://www.saeb.ba.gov.br/concursos,Aberto,2026-06-14T18:13:58.932Z,Diário Oficial de Gov Bahia (SEC),FCC,4850
2026-06-19T20:11:21.713Z,Concurso SEDUC Bahia 2026 - Edital 01/2026 - Provimento de Vagas para Professor e Pedagogo,O Governo do Estado da Bahia abre concurso público para provimento de vagas no cargo de Professor Padrão P - Grau III da Educação Básica e Pedagogo. Organizado pela banca FCC.,Gov Bahia (SEC),Superior,Professor,450,2026-06-17T20:11:21.712Z,2026-07-09T20:11:21.712Z,https://www.saeb.ba.gov.br/concursos,Aberto,2026-06-14T20:11:21.712Z,Diário Oficial de Gov Bahia (SEC),FCC,4850
2026-06-19T21:41:24.770Z,Concurso SEDUC Bahia 2026 - Edital 01/2026 - Provimento de Vagas para Professor e Pedagogo,O Governo do Estado da Bahia abre concurso público para provimento de vagas no cargo de Professor Padrão P - Grau III da Educação Básica e Pedagogo. Organizado pela banca FCC.,Gov Bahia (SEC),Superior,Professor,450,2026-06-17T21:41:24.770Z,2026-07-09T21:41:24.770Z,https://www.saeb.ba.gov.br/concursos,Aberto,2026-06-14T21:41:24.770Z,Diário Oficial de Gov Bahia (SEC),FCC,4850
2026-06-19T23:34:01.097Z,Concurso SEDUC Bahia 2026 - Edital 01/2026 - Provimento de Vagas para Professor e Pedagogo,O Governo do Estado da Bahia abre concurso público para provimento de vagas no cargo de Professor Padrão P - Grau III da Educação Básica e Pedagogo. Organizado pela banca FCC.,Gov Bahia (SEC),Superior,Professor,450,2026-06-17T23:34:01.096Z,2026-07-09T23:34:01.096Z,https://www.saeb.ba.gov.br/concursos,Aberto,2026-06-14T23:34:01.096Z,Diário Oficial de Gov Bahia (SEC),FCC,4850
2026-06-20T04:47:52.413Z,Concurso SEDUC Bahia 2026 - Edital 01/2026 - Provimento de Vagas para Professor e Pedagogo,O Governo do Estado da Bahia abre concurso público para provimento de vagas no cargo de Professor Padrão P - Grau III da Educação Básica e Pedagogo. Organizado pela banca FCC.,Gov Bahia (SEC),Superior,Professor,450,2026-06-18T04:47:52.412Z,2026-07-10T04:47:52.412Z,https://www.saeb.ba.gov.br/concursos,Aberto,2026-06-15T04:47:52.412Z,Diário Oficial de Gov Bahia (SEC),FCC,4850
2026-06-20T09:47:40.052Z,Concurso SEDUC Bahia 2026 - Edital 01/2026 - Provimento de Vagas para Professor e Pedagogo,O Governo do Estado da Bahia abre concurso público para provimento de vagas no cargo de Professor Padrão P - Grau III da Educação Básica e Pedagogo. Organizado pela banca FCC.,Gov Bahia (SEC),Superior,Professor,450,2026-06-18T09:47:40.052Z,2026-07-10T09:47:40.052Z,https://www.saeb.ba.gov.br/concursos,Aberto,2026-06-15T09:47:40.052Z,Diário Oficial de Gov Bahia (SEC),FCC,4850
2026-06-20T12:13:33.015Z,Concurso SEDUC Bahia 2026 - Edital 01/2026 - Provimento de Vagas para Professor e Pedagogo,O Governo do Estado da Bahia abre concurso público para provimento de vagas no cargo de Professor Padrão P - Grau III da Educação Básica e Pedagogo. Organizado pela banca FCC.,Gov Bahia (SEC),Superior,Professor,450,2026-06-18T12:13:33.015Z,2026-07-10T12:13:33.015Z,https://www.saeb.ba.gov.br/concursos,Aberto,2026-06-15T12:13:33.015Z,Diário Oficial de Gov Bahia (SEC),FCC,4850
2026-06-20T14:37:59.215Z,Concurso SEDUC Bahia 2026 - Edital 01/2026 - Provimento de Vagas para Professor e Pedagogo,O Governo do Estado da Bahia abre concurso público para provimento de vagas no cargo de Professor Padrão P - Grau III da Educação Básica e Pedagogo. Organizado pela banca FCC.,Gov Bahia (SEC),Superior,Professor,450,2026-06-18T14:37:59.215Z,2026-07-10T14:37:59.215Z,https://www.saeb.ba.gov.br/concursos,Aberto,2026-06-15T14:37:59.215Z,Diário Oficial de Gov Bahia (SEC),FCC,4850
2026-06-20T17:52:15.375Z,Concurso SEDUC Bahia 2026 - Edital 01/2026 - Provimento de Vagas para Professor e Pedagogo,O Governo do Estado da Bahia abre concurso público para provimento de vagas no cargo de Professor Padrão P - Grau III da Educação Básica e Pedagogo. Organizado pela banca FCC.,Gov Bahia (SEC),Superior,Professor,450,2026-06-18T17:52:15.375Z,2026-07-10T17:52:15.375Z,https://www.saeb.ba.gov.br/concursos,Aberto,2026-06-15T17:52:15.375Z,Diário Oficial de Gov Bahia (SEC),FCC,4850
2026-06-20T20:02:01.215Z,Concurso SEDUC Bahia 2026 - Edital 01/2026 - Provimento de Vagas para Professor e Pedagogo,O Governo do Estado da Bahia abre concurso público para provimento de vagas no cargo de Professor Padrão P - Grau III da Educação Básica e Pedagogo. Organizado pela banca FCC.,Gov Bahia (SEC),Superior,Professor,450,2026-06-18T20:02:01.214Z,2026-07-10T20:02:01.214Z,https://www.saeb.ba.gov.br/concursos,Aberto,2026-06-15T20:02:01.214Z,Diário Oficial de Gov Bahia (SEC),FCC,4850
2026-06-20T21:44:26.093Z,Concurso SEDUC Bahia 2026 - Edital 01/2026 - Provimento de Vagas para Professor e Pedagogo,O Governo do Estado da Bahia abre concurso público para provimento de vagas no cargo de Professor Padrão P - Grau III da Educação Básica e Pedagogo. Organizado pela banca FCC.,Gov Bahia (SEC),Superior,Professor,450,2026-06-18T21:44:26.093Z,2026-07-10T21:44:26.093Z,https://www.saeb.ba.gov.br/concursos,Aberto,2026-06-15T21:44:26.093Z,Diário Oficial de Gov Bahia (SEC),FCC,4850
2026-06-20T23:41:49.677Z,Concurso SEDUC Bahia 2026 - Edital 01/2026 - Provimento de Vagas para Professor e Pedagogo,O Governo do Estado da Bahia abre concurso público para provimento de vagas no cargo de Professor Padrão P - Grau III da Educação Básica e Pedagogo. Organizado pela banca FCC.,Gov Bahia (SEC),Superior,Professor,450,2026-06-18T23:41:49.677Z,2026-07-10T23:41:49.677Z,https://www.saeb.ba.gov.br/concursos,Aberto,2026-06-15T23:41:49.677Z,Diário Oficial de Gov Bahia (SEC),FCC,4850
2026-06-21T05:23:28.382Z,Concurso SEDUC Bahia 2026 - Edital 01/2026 - Provimento de Vagas para Professor e Pedagogo,O Governo do Estado da Bahia abre concurso público para provimento de vagas no cargo de Professor Padrão P - Grau III da Educação Básica e Pedagogo. Organizado pela banca FCC.,Gov Bahia (SEC),Superior,Professor,450,2026-06-19T05:23:28.382Z,2026-07-11T05:23:28.382Z,https://www.saeb.ba.gov.br/concursos,Aberto,2026-06-16T05:23:28.382Z,Diário Oficial de Gov Bahia (SEC),FCC,4850
2026-06-21T10:08:41.591Z,Concurso SEDUC Bahia 2026 - Edital 01/2026 - Provimento de Vagas para Professor e Pedagogo,O Governo do Estado da Bahia abre concurso público para provimento de vagas no cargo de Professor Padrão P - Grau III da Educação Básica e Pedagogo. Organizado pela banca FCC.,Gov Bahia (SEC),Superior,Professor,450,2026-06-19T10:08:41.590Z,2026-07-11T10:08:41.590Z,https://www.saeb.ba.gov.br/concursos,Aberto,2026-06-16T10:08:41.590Z,Diário Oficial de Gov Bahia (SEC),FCC,4850
2026-06-21T12:23:49.036Z,Concurso SEDUC Bahia 2026 - Edital 01/2026 - Provimento de Vagas para Professor e Pedagogo,O Governo do Estado da Bahia abre concurso público para provimento de vagas no cargo de Professor Padrão P - Grau III da Educação Básica e Pedagogo. Organizado pela banca FCC.,Gov Bahia (SEC),Superior,Professor,450,2026-06-19T12:23:49.036Z,2026-07-11T12:23:49.036Z,https://www.saeb.ba.gov.br/concursos,Aberto,2026-06-16T12:23:49.036Z,Diário Oficial de Gov Bahia (SEC),FCC,4850
2026-06-21T14:38:31.909Z,Concurso SEDUC Bahia 2026 - Edital 01/2026 - Provimento de Vagas para Professor e Pedagogo,O Governo do Estado da Bahia abre concurso público para provimento de vagas no cargo de Professor Padrão P - Grau III da Educação Básica e Pedagogo. Organizado pela banca FCC.,Gov Bahia (SEC),Superior,Professor,450,2026-06-19T14:38:31.908Z,2026-07-11T14:38:31.908Z,https://www.saeb.ba.gov.br/concursos,Aberto,2026-06-16T14:38:31.908Z,Diário Oficial de Gov Bahia (SEC),FCC,4850
2026-06-21T18:01:32.582Z,Concurso SEDUC Bahia 2026 - Edital 01/2026 - Provimento de Vagas para Professor e Pedagogo,O Governo do Estado da Bahia abre concurso público para provimento de vagas no cargo de Professor Padrão P - Grau III da Educação Básica e Pedagogo. Organizado pela banca FCC.,Gov Bahia (SEC),Superior,Professor,450,2026-06-19T18:01:32.582Z,2026-07-11T18:01:32.582Z,https://www.saeb.ba.gov.br/concursos,Aberto,2026-06-16T18:01:32.582Z,Diário Oficial de Gov Bahia (SEC),FCC,4850
2026-06-21T20:09:49.472Z,Concurso SEDUC Bahia 2026 - Edital 01/2026 - Provimento de Vagas para Professor e Pedagogo,O Governo do Estado da Bahia abre concurso público para provimento de vagas no cargo de Professor Padrão P - Grau III da Educação Básica e Pedagogo. Organizado pela banca FCC.,Gov Bahia (SEC),Superior,Professor,450,2026-06-19T20:09:49.472Z,2026-07-11T20:09:49.472Z,https://www.saeb.ba.gov.br/concursos,Aberto,2026-06-16T20:09:49.472Z,Diário Oficial de Gov Bahia (SEC),FCC,4850
2026-06-21T21:51:19.678Z,Concurso SEDUC Bahia 2026 - Edital 01/2026 - Provimento de Vagas para Professor e Pedagogo,O Governo do Estado da Bahia abre concurso público para provimento de vagas no cargo de Professor Padrão P - Grau III da Educação Básica e Pedagogo. Organizado pela banca FCC.,Gov Bahia (SEC),Superior,Professor,450,2026-06-19T21:51:19.677Z,2026-07-11T21:51:19.677Z,https://www.saeb.ba.gov.br/concursos,Aberto,2026-06-16T21:51:19.677Z,Diário Oficial de Gov Bahia (SEC),FCC,4850
2026-06-21T23:49:42.954Z,Concurso SEDUC Bahia 2026 - Edital 01/2026 - Provimento de Vagas para Professor e Pedagogo,O Governo do Estado da Bahia abre concurso público para provimento de vagas no cargo de Professor Padrão P - Grau III da Educação Básica e Pedagogo. Organizado pela banca FCC.,Gov Bahia (SEC),Superior,Professor,450,2026-06-19T23:49:42.953Z,2026-07-11T23:49:42.953Z,https://www.saeb.ba.gov.br/concursos,Aberto,2026-06-16T23:49:42.953Z,Diário Oficial de Gov Bahia (SEC),FCC,4850
